id,type,available,url,price,currencyId,category,picture,store,pickup,delivery,author,name,publisher,series,year,ISBN,description,volume,part,language,binding,page_extent
9785906456014,book,true,http://practica.ru/catalogue/sanford_155/,440,RUR,Медицинская литература,http://practica.ru/media/images/products/2015/12/Cover_AMT_2015-.jpg,true,true,true,Д. Гилберт и др. ,Антимикробная терапия по Джею Сэнфорду,М.: «ГРАНАТ»,Карманные справочники,2013,978-5-906456-01-4,"Справочник ежегодно переиздается В США с 1969 г. Это самое известное руководство по лечению инфекционных заболеваний и одна из самых полезных медицинских книг, которой пользуются врачи всего мира. В книге карманного формата содержится вся необходимая информация по лечению бактериальных (в том числе микобактериальных), грибковых и вирусных инфекций (включая ВИЧ-инфекцию и вирусные гепатиты), а также паразитарных заболеваний. Справочник состоит из таблиц, что позволяет сразу найти информацию о лечении искомого заболевания. В настоящее 42-е издание включена вся новая информация о лечении инфекций. Книга адресована врачам всех специальностей и студентам медицинских вузов.",1,1,русский,Обложка,640
9785906456175,book,true,http://practica.ru/catalogue/Nelson_215/,550,RUR,Медицинская литература,http://practica.ru/media/images/products/2015/12/Antimikr_deti_Nelson.jpg,true,true,true,"Дж. Брэдли,  Дж. Нельсон",Антимикробная терапия у детей по Нельсону,,,2016,978-5-906456-17-5,"Это один из самых известных справочников по лечению инфекционных заболеваний у детей и одна из самых полезных медицинских книг, которой пользуются педиатры всего мира. В книге карманного формата содержится вся необходимая информация по лечению бактериальных (в том числе микобактериальных), грибковых и вирусных инфекций (включая ВИЧ-инфекцию и вирусные гепатиты), а также паразитарных заболеваний. Книга в основном состоит из таблиц, что позволяет сразу найти информацию о лечении необходимого заболевания. В настоящее 20-е издание включены все антимикробные препараты, используемые в педиатрии, включая дозы и режимы введения, с учетом последних рекомендаций по лечению инфекций. Учитывая растущую озабоченность чрезмерным использованием антибиотиков, книга содержит информацию о том, когда антимикробные препараты не показаны.",1,1,русский,Обложка,368
9785898161415,book,true,http://practica.ru/catalogue/bks_190/,451,RUR,Медицинская литература,http://practica.ru/media/images/products/2015/04/bolezni-klapanov.jpg,true,true,true,"Сторожаков Г.И., Гендлин Г.Е., Миллер О.А. ",Болезни клапанов сердца,"М.:""Практика""",Современная российская медицина,2015,978-5-89816-141-5,"Книга ""Болезни клапанов сердца"" написана коллективом авторов, долгие годы работающих над проблемой ведения пациентов с пороками клапанов и их реабилитации после кардиохирургического лечения.В книге изложены клинические, аускультативные и эхокардиографические особенности болезней клапанов сердца. Приведены современные схемы лечения заболеваний клапанов и состояний, являющихся причинами приобретенных пороков, в том числе инфекционного эндокардита и ревматической лихорадки. В каждой главе читатель найдет четкую формулировку  показаний для направления больного к кардиохирургу. Особую ценность представляет глава, отражающая аспекты ведения больных с протезами клапанов. Книга предназначена для  врачей, получающих последипломное образование, врачей общей  практики, терапевтов  и кардиологов, а также студентов старших курсов медицинских факультетов, интернов и ординаторов.",1,1,русский,Переплет,200
9785898160982,book,true,http://practica.ru/catalogue/botox_127/,187,RUR,Медицинская литература,http://practica.ru/media/images/products/2014/09/botox.jpg,true,true,true,И. Оддерсон,Ботулинотерапия,"М.:""Практика""",Карманные справочники,2011,978-5-89816-098-2,"Книга о лечебных инъекциях ботулотоксина. Представлена полная информация о дозах Ботокса и Миоблока, способах и точках введения Ботокса, Ксеомина, Диспорта, Лантокса и Миоблока при различных болезнях.Всем сертифицированным специалистам в области неврологии, ортопедии и травматологии, офтальмологии, стоматологии, челюстно-лицевой и пластической хирургии, косметологии",1,1,русский,Обложка,176
5898160418,book,true,http://practica.ru/catalogue/harrison1_7_147/,330,RUR,Медицинская литература,http://practica.ru/media/images/products/2014/09/vnutrennie-bolezni-harr1.jpg,true,true,true,Фаучи и др. ,Внутренние болезни по Тинсли Р. Харрисону.В 7 томах. Том 1,"М.:""Практика""",Классика зарубежной медицины,2005,5-89816-041-8,,7,1,русский,Обложка,466
5898160469,book,true,http://practica.ru/catalogue/harrison6_7_149/,330,RUR,Медицинская литература,http://practica.ru/media/images/products/2014/09/vnutrennie-bolezni-harr6.jpg,true,true,true,Фаучи и др. ,Внутренние болезни по Тинсли Р. Харрисону.В 7 томах. Том 6,"М.:""Практика""",Классика зарубежной медицины,2005,5-89816-046-9,,7,6,русский,Обложка,391
9785898161170,book,true,http://practica.ru/catalogue/gastroenterology_115/,880,RUR,Медицинская литература,http://practica.ru/media/images/products/2014/09/gastroenter.jpg,true,true,true,К. Авундук,Гастроэнтерология,"М.:""Практика""",Зарубежные практические руководства по медицине,2013,978-5-89816-117-0,"«Гастроэнтерология», написанная одним из ведущих профессоров Университета Тафтса (Бостон, шт. Массачусетс), выдержала четыре издания в США и сейчас впервые переведена на русский язык. Книга представляет собой практический справочник по диагностике и лечению заболеваний ЖКТ и желчных путей. Она охватывает широкий круг вопросов — от таких распространенных состояний, как желудочно-пищеводный рефлюкс или метеоризм, до столь грозных заболеваний, как злокачественные опухоли и СПИД. Книга состоит из 60 глав, которые объединены в 5 разделов, посвященных обследованию больных с заболеваниями ЖКТ, диагностическим и лечебным вмешательствам, искусственному питанию, неотложным состояниям в гастроэнтерологии и отдельным заболеваниям и симптомам. Четкий порядок изложения материала позволяет быстро отыскать любую необходимую информацию. Книга продолжает популярную серию «Зарубежные практические руководства по медицине», выпускаемую Издательским домом «Практика».",1,1,русский,Переплет,750
9785898160890,book,true,http://practica.ru/catalogue/vertigo_130/,953,RUR,Медицинская литература,http://practica.ru/media/images/products/2014/09/golovokrujenie.jpg,true,true,true,Т.Брандт и др.,Головокружение+DVD,"М.:""Практика""","Симптом,синдром,болезнь",2009,978-5-89816-089-0,"Книга, написанная известными немецкими неврологами, посвящена одному из самых распространенных симптомов, с которым встречаются врачи разных специальностей. Авторы обобщают собственный опыт, основанный на многолетней работе специализированного отделения для больных, страдающих головокружением, в клинике Мюнхенского университета. В небольшой, но информационно насыщенной книге представлены современные данные о заболеваниях, проявляющихся головокружением и нарушениями равновесия. Обсуждаются как хорошо известные расстройства, в частности болезнь Меньера и доброкачественное позиционное головокружение, так и менее изученные, недавно описанные и требующие дальнейших исследований состояния, например вестибулярная мигрень и вестибулярная пароксизмия. Книга может служить настольным руководством для неврологов, оториноларингологов, врачей общей практики и всех интересующихся проблемами диагностики и лечения вестибулярных нарушений.",1,1,русский,Переплет,200
9785898160975,book,true,http://practica.ru/catalogue/artrit_140/,341,RUR,Медицинская литература,http://practica.ru/media/images/products/2014/09/artrit.jpg,true,true,true," В.В. Лялина, Г.И. Сторожаков",Грамматика артрита,"М.:""Практика""",Современная российская медицина,2010,978-5-89816-097-5,"Книга представляет собой уникальное практическое руководство по артрологии, которое может быть использовано и как учебное пособие, и как справочник. В первой части подробно рассмотрена пропедевтика суставного синдрома — характеристика суставного воспаления в зависимости от типа сустава. Кратко и емко изложена прикладная анатомия всех суставов и многих околосуставных структур. Во второй части приведена детальная клиническая характеристика артритов всех суставов. Третья часть посвящена патологии околосуставных структур — наиболее распространенным тендопатиям, энтезитам и бурситам. Книга научит читателя с помощью клинических данных отвечать на ключевой вопрос, возникающий при поражении суставов: есть ли воспаление в суставе или нет. Книга содержит много иллюстраций по суставной и околосуставной анатомии и по клиническим тестам. Она адресована широкому кругу специалистов, занимающихся суставными заболеваниями: ревматологам, ортопедам, хирургам, врачам общей практики, а также студентам старших курсов медицинских вузов.",1,1,русский,Обложка,168
5898160620,book,true,http://practica.ru/catalogue/Kidneys_126/,440,RUR,Медицинская литература,http://practica.ru/media/images/products/2015/10/detskaya_nefrologia.jpg,true,true,true,Под ред. Н. Сигела,Детская нефрология,"М.:""Практика""",Детская серия,2006,5-89816-062-0,"В книге подробно освещены все разделы детской нефрологии, от эмбрионального развития почек до современных методов диагностики и лечения нефрологических и урологических заболеваний.Особое внимание уделено врожденной патологии почек.",1,1,русский,Переплет,336
9785898161453,book,true,http://practica.ru/catalogue/heat_205/,363,RUR,Медицинская литература,http://practica.ru/media/images/products/2015/09/zhara.jpg,true,true,true,"Ф. Т. Агеев, М. Д. Смирнова, О. В. Родненков",Жара и сердечно-сосудистая система,"М.:""Практика""",Современная российская медицина,2015,978-5-89816-145-3,"Книга посвящена актуальной, но пока малоизученной проблеме: влиянию климатических факторов, а именно аномальной жары, на здоровье человека. В нее вошли данные эпидемиологических и клинических исследований, отражающие влияние волн жары на заболеваемость и смертность населения. Даны определение и критерии понятия «волна жары», рассмотрены механизмы адаптации и дезадаптации организма здоровых людей и больных сердечно-сосудистыми заболеваниями к высоким температурам, выделены факторы риска развития осложнений. Отдельная глава посвящена тепловым заболеваниям. Особое внимание уделено методам профилактики негативного воздействия волн жары на течение сердечно-сосудистых заболеваний. Описано влияние основных групп кардиопрепаратов, таких как ингибиторы АПФ, блокаторы кальциевых каналов, статины и др., на организм принимающих их пациентов во время жары. Отдельный раздел посвящен возможности использования препаратов с адаптогенными свойствами (Панангин, Милдронат, Кудесан, Афобазол) с целью нивелирования отрицательного влияния жары на состояние сердечно-сосудистой системы и качество жизни больных сердечно-сосудистыми заболеваниями.",1,1,русский,Обложка,184
9785898161507,book,true,http://practica.ru/catalogue/zoj_196/,1210,RUR,Медицинская литература,http://practica.ru/media/images/products/2015/09/zdoroviy_obraz.jpg,true,true,true,"Под ред. Н. Д. Ющука, И. В. Маева, К. Г. Гуревича",Здоровый образ жизни и профилактика заболеваний,"М.:""Практика""",Учебники для медицинских ВУЗов,2015,978-5-89816-150-7,"В учебном пособии рассматриваются вопросы здорового образа жизни и профилактики наиболее распространенных и социально-значимых заболеваний. Обобщен российский и международный опыт программ формирования здорового образа жизни и профилактики заболеваний. Их разработка начата более 10 лет на первой в России кафедре ЮНЕСКО «Здоровый образ жизни — залог успешного развития». Во втором издании книги обновлена законодательная база, уточнен ряд моментов. Материал излагается по принципу от простого к сложному и систематизирован по главам. Дополнительные сведения вынесены в приложения. Учебное пособие написано с учетом требований ФГОС 4 поколения.ля студентов медицинских и фармацевтических вузов.",1,1,русский,Переплет,416
5898160639,book,true,http://practica.ru/catalogue/farmacology2_4_141/,330,RUR,Медицинская литература,http://practica.ru/media/images/products/2014/09/klinich-farm2.jpg,true,true,true,Под общей ред. А. Г. Гилмана,Клиническая фармакология по Гудману и Гилману.В 4 томах. Том 2,"М.:""Практика""",Классика зарубежной медицины,2006,5-89816-063-9,"Книга 2. Противовоспалительные и противоаллергические средства. Средства, действующие на выделительную и сердечно-сосудистую системы. Средства, действующие на пищеварительную систему. ""Клиническая фармакология по Гудману и Гилману"" — единственная в своем роде книга, ибо исчерпывающе и органично обнимает все  стороны. Это и учебник, в котором предельно ясно и в то же время сжато излагаются основы всех перечисленных дисциплин, и монография с соответствующей строгостью изложения и цитирования, богатейшей библиографией и критическим анализом современных данных, и практическое руководство, пригодное для использования у постели больного, и энциклопедия современной фармакологии, статьи которой написаны ведущими учеными, среди которых несколько лауреатов Нобелевской премии. Один из них — главный редактор книги Альфред Гудман Гилман.    ",4,2,русский,Обложка,336
5898160671,book,true,http://practica.ru/catalogue/farmacology4_4_142/,330,RUR,Медицинская литература,http://practica.ru/media/images/products/2014/09/klinich-farm4.jpg,true,true,true,Под общей ред. А. Г. Гилмана,Клиническая фармакология по Гудману и Гилману.В 4 томах. Том 4,"М.:""Практика""",Классика зарубежной медицины,2006,5-89816-067-1,"Книга 4. Гормоны и антигормональные средства. Витамины. Дерматологические средства. Офтальмологические средства. Клиническая токсикология. ""Клиническая фармакология по Гудману и Гилману"" — единственная в своем роде книга, ибо исчерпывающе и органично обнимает все  стороны. Это и учебник, в котором предельно ясно и в то же время сжато излагаются основы всех перечисленных дисциплин, и монография с соответствующей строгостью изложения и цитирования, богатейшей библиографией и критическим анализом современных данных, и практическое руководство, пригодное для использования у постели больного, и энциклопедия современной фармакологии, статьи которой написаны ведущими учеными, среди которых несколько лауреатов Нобелевской премии. Один из них — главный редактор книги Альфред Гудман Гилман.      ",4,4,русский,Обложка,448
9785898160685,book,true,http://practica.ru/catalogue/colposcop_133/,2398,RUR,Медицинская литература,http://practica.ru/media/images/products/2014/09/colpo.jpg,true,true,true,М. Баггиш,Кольпоскопия. Атлас-справочник,"М.:""Практика""",Цветные атласы-справочники,2008,978-5-89816-068-5,"Обычный осмотр шейки матки под увеличением превратился за последние 30 лет в целый раздел гинекологии, посвященный диагностике и лечению многих заболеваний шейки матки, влагалища и вульвы. Этот атлас преследует несколько целей: обучение начинающих гинекологов азам кольпоскопии, обучение более опытных врачей тонкостям метода, а также предоставление специалистам, постоянно практикующим это исследование, современных сведений о нем. Атлас содержит множество цветных фотографий, подробных рисунков, микрофотографий цитологических и гистологических препаратов. Известное выражение «один рисунок стоит тысячи слов» особенно верно в случае кольпоскопии. Обращает на себя внимание большое количество клинических примеров, собранных автором более чем за 30 лет практической деятельности и также иллюстрированных фотографиями. Отдельный раздел атласа посвящен лечению дисплазии и рака in situ шейки матки, влагалища и вульвы. Иллюстрации демонстрируют методику каждого вмешательства и будут полезны читателям в практической работе. Атлас предназначен для акушеров, гинекологов, онкогинекологов, студентов медицинских институтов.",1,1,русский,Переплет,340
9785898161385,book,true,http://practica.ru/catalogue/legochnaia-gipertenziia_177/,1496,RUR,Медицинская литература,http://practica.ru/media/images/products/2015/04/legoch_hypert.jpg,true,true,true,Под ред. И. Е. Чазовой и Т. В. Мартынюк,Легочная гипертензия,"М.:""Практика""",Современная российская медицина,2015,978-5-89816-138-5,"Монография посвящена проблемам диагностики и лечения легочной гипертензии.Термином «легочная гипертензия» объединяют группу нозологий с общим диагностическим критерием — повышением давления в легочной артерии.В работе представлены вопросы патогенеза и генетические основы легочной гипертензии, дана ее современная классификация, описаны формы легочной артериальной гипертензии, легочной гипертензии вследствие патологии левых отделов сердца, легких или хронической тромбоэмболии легочной артерии. Дан диагностический алгоритм, включающий оптимальные методы диагностики. Монография представляет современные возможности лечения легочной гипертензии, знакомит с данными ключевых рандомизированных клинических исследований и позволяет заглянуть в будущее.Работа создана специалистами ведущих экспертных центров нашей страны во главе с ФГБУ «Российский кардиологический научно-производственный комплекс» МЗ РФ и предназначена для кардиологов, пульмонологов, терапевтов, ревматологов, а также для практикующих врачей, имеющих отношение к обследованию и лечению больных с легочной гипертензией",1,1,русский,Переплет,928
9785898161231,book,true,http://practica.ru/catalogue/rmg_136/,660,RUR,Медицинская литература,http://practica.ru/media/images/products/2015/04/rmg.jpg,true,true,true,"Под ред. Н. И. Переводчиковой, М. Б. Стениной",Лекарственная терапия рака молочной железы,"М.:""Практика""",Современная российская медицина,2014,978-5-89816-123-1,"Книга содержит информацию о современных методах лекарственной терапии раннего и распространенного рака молочной железы. Подробно рассмотрены молекулярная классификация рака молочной железы и ее значение для подбора индивидуального лечения. Представлены сведения о лекарственных средствах, используемых на различных этапах системной терапии (неоадъювантная и адъювантная терапия, лечение метастатической болезни). Большое внимание уделено обсуждению принципов лечения в соответствии с действующими международными стандартами по лечению рака молочной железы. В доступной форме описаны методика проведения и диагностическое значение гистологического и иммуногистохимического исследований. Рассматриваются современные возможности лечения костных метастазов и остеопороза у больных, получающих противоопухолевую терапию. В книгу включены специальные разделы, касающиеся лекарственной профилактики рака молочной железы, а также некоторых аспектов фармакоэкономического анализа. Для химиотерапевтов и врачей других специальностей, занимающихся лечением рака молочной железы.",1,1,русский,Переплет,284
9785906456205,book,true,http://practica.ru/catalogue/hepatitis_216/,220,RUR,Медицинская литература,http://practica.ru/media/images/products/2015/12/Cover_Hepatit_Senford-.jpg,true,true,true,"М. Сааг, Г. Чемберс, Дж. Элиопулос и др.",Лечение вирусных гепатитов по Джею Сэнфорду,М.: «ГРАНАТ»,Карманные справочники,2016,978-5-906456-20-5,"Появление нового справочника, наряду с «Антимикробной терапией по Джею Сэнфорду» и «Лечением ВИЧ-инфекции и вирусных гепатитов по Джею Сэнфорду», обусловлено революционными изменениями в лечении гепатита C и разработкой новых препаратов для лечения гепатита B. Структура книги такая же, как и у других справочников этой серии: информация представлена в удобной форме, подробно описано лечение. Указаны дозы, побочные эффекты, фармакологические свойства, коррекция доз при почечной и печеночной недостаточности, лекарственные взаимодействия. Также описаны диагностика, клинические проявления, эпидемиология, естественное течение и профилактика. Представлены препараты для лечения гепатитов B и C, находящиеся на стадии разработки. Отдельные таблицы посвящены гепатитам A, D и E. Книга адресована врачам всех специальностей и студентам медицинских вузов.",1,1,русский,Обложка,96
9785906456083,book,true,http://practica.ru/catalogue/lechenie-vich-infektsii-i-virusnykh-gepatitov-po-dzheiu-senfordu_183/,770,RUR,Медицинская литература,http://practica.ru/media/images/products/2015/04/lechenie_vich.jpg,true,true,true,"М. Сааг, Г. Чемберс, и др. (ред.)",Лечение ВИЧ-инфекции и вирусных гепатитов по Джею Сэнфорду,М.: «ГРАНАТ»,Карманные справочники,2015,978-5-906456-08-3,"Первое издание книги, написанной американским инфекционистом профессором Джеем Сэнфордом, вышло в 1992 г. С этого времени книга ежегодно переиздается: до 1996 г. редактором книги был Джей Сэнфорд, а после его смерти дело продолжили ведущие американские специалисты.Это одно из самых известных руководств по диагностике и лечению ВИЧ-инфекции и вирусных гепатитов, которым пользуются врачи всего мира. В книге карманного формата содержится вся необходимая информация по диагностике, лечению и профилактике ВИЧ-инфекции, СПИДа, вирусных гепатитов, оппортунистических инфекций и других осложнений ВИЧ-инфекции. Книга состоит из таблиц, что позволяет быстро найти всю необходимую информацию. В настоящее 21-е издание включены новые препараты (рилпивирин), новые схемы антиретровирусной терапии с применением препаратов один раз в сутки, новые рекомендации по постконтактной профилактике, обновлены схемы антиретровирусной терапии и методы диагностики с учетом новых рекомендаций и диагностических тестов. Значительно расширены и обновлены разделы, посвященные осложнениям СПИДа, оппортунистическим инфекциям. В данное издание книги впервые вошел большой раздел по диагностике и лечению вирусных гепатитов.Книга адресована специалистам по диагностике и лечению ВИЧ-инфекции, инфекционистам, вирусологам, терапевтам, педиатрам и врачам других специальностей. Книга издана в рамках издательского проекта Национальной вирусологической ассоциации.",1,1,русский,Обложка,632
9785906456113,book,true,http://practica.ru/catalogue/lymphoma_153/,660,RUR,Медицинская литература,http://practica.ru/media/images/products/2015/09/lymphomy_granat.jpg,true,true,true,Под ред. Дж. Суэтнема,Лимфомы,М.: «ГРАНАТ»,«Успехи современной онкологии»,2015,978-5-906456-11-3,"Адресованный в первую очередь специалистам, сборник в сжатой форме освещает новейшие достижения в понимании патогенеза лимфом и современных подходах к их лечению. Хотя основное внимание в нем уделено практической стороне вопроса, не остались без внимания и новшества в диагностике и классификации этой большой и многообразной группы болезней. Изложение современных представлений о патогенезе различных типов лимфом, описание новейших классов противоопухолевых средств и место, которое они могут занять в ближайшее время в лечении лимфом — одна из самых сильных сторон этой книги. Ясность и аргументированность изложения делают книгу интересной не только для специалистов в области онкогематологии, но и для всех интересующихся врачей.",1,1,русский,Переплет,176
9785898160746,book,true,http://practica.ru/catalogue/lymphoma_153/,99,RUR,Медицинская литература,http://practica.ru/media/images/products/2014/09/limphoma.jpg,true,true,true,"П. Холман, Дж. Гарретт, У. Джансен",Лимфомы и лимфогранулематоз,"М.:""Практика""",100 вопросов врачу,2007,978-5-89816-074-6,"Книги серии «100 вопросов врачу» уникальны. Врачебный опыт дополняется в них опытом людей, испытавших болезнь на себе. Вместе авторы дают советы о лечении, образе жизни, способах психологической поддержки и многом другом. Книга «Лимфомы и лимфогранулематоз», написанная видным врачом-гематологом, медицинской сестрой и больным лимфомой, станет бесценным помощником для всякого, кого коснулись эти страшные болезни. Если вы заболели сами или у вас заболел друг или родственник, эта книга для вас.",1,1,русский,Обложка,144
9785906456090,book,true,http://practica.ru/catalogue/melanoma_173/,770,RUR,Медицинская литература,http://practica.ru/media/images/products/2015/04/melanoma.jpg,true,true,true,Под ред. У. Шарфмана,Меланома,М.: «ГРАНАТ»,«Успехи современной онкологии»,2015,978-5-906456-09-0,"Книга содержит всестороннюю информацию по патофизиологии, эпидемиологии, клиническим признакам и методам диагностики меланомы, по существующим на сегодняшний день и только разрабатывающимся способам лечения. «Меланома» станет ценным подспорьем для всех врачей, исследователей и студентов, посвятивших себя онкологии.",1,1,русский,Переплет,240
9785898160999,book,true,http://practica.ru/catalogue/Metabolic_129/,363,RUR,Медицинская литература,http://practica.ru/media/images/products/2014/09/metabolich-syndrom.jpg,true,true,true,В. Фонсека (ред).,Метаболический синдром,"М.:""Практика""","Симптом,синдром,болезнь",2011,978-5-89816-099-9,"Книга написана ведущими американскими диабетологами, кардиологами и диетологами. Возглавляет авторский коллектив профессор Вивьен Фонсека — главный редактор журнала Diabetes Care, вице-президент Американской диабетической ассоциации. В книге представлены самые современные данные о патогенезе и эпидемиологии метаболического синдрома, детально описаны методы профилактики и лечения его основных компонентов — ожирения, гипергликемии и сердечно-сосудистых заболеваний. Все эти сведения подкреплены результатами крупнейших клинических испытаний. Особое внимание уделено подходам к лечению ожирения: несколько глав посвящены диете и физическим упражнениям. Подробно рассмотрены методы медикаментозной терапии ожирения и гипергликемии — как хорошо изученные, так и находящиеся в стадии разработки. Для эндокринологов, кардиологов, врачей общей практики, студентов медицинских вузов.",1,1,русский,Обложка,272
9785898161248,book,true,http://practica.ru/catalogue/herpes_152/,121,RUR,Медицинская литература,http://practica.ru/media/images/products/2014/09/herpes.jpg,true,true,true,"З. А. Суслина, М. Ю. Максимова",Неврологические проявления опоясывающего герпеса,"М.:""Практика""",Учебники для медицинских ВУЗов,2014,978-5-89816-124-8,"Предлагаемое вашему вниманию пособие подготовлено с учетом актуальности неврологических нарушений, обусловленных вирусом varicella-zoster. В нем излагаются современные представления об этиологии, о патогенезе, патоморфологии, клинических проявлениях опоясывающего герпеса и об особенностях болевого синдрома различной локализации. Особое внимание уделено диагностике острого периода заболевания. В приложении приводятся схемы лечения опоясывающего герпеса. Для врачей-неврологов и врачей общей практики.",1,1,русский,Обложка,72
9785898161538 ,book,true,http://practica.ru/catalogue/neurology_225/,1210,RUR,Медицинская литература,http://practica.ru/media/images/products/2016/02/nevro_2015.JPG,true,true,true,"З. А. Суслина, М. А. Пирадов, М. Ю. Максимова",Неврология,"М.:""Практика""",Учебники для медицинских ВУЗов,2015,978-5-89816-153-8 ,"Учебник подготовлен авторским коллективом с учетом современных достижений клинической неврологии и стоматологии. Изложены сведения по общей неврологии, а также по частной и специальной неврологии — нейростоматологии. Выделен раздел, освещающий нейростоматологические заболевания и синдромы. Отдельные главы посвящены краниальным невралгиям, миофасциальному болевому синдрому лица, нарушениям мозгового кровообращения, инфекционным и демиелинизирующим заболеваниям, опухолям нервной системы, черепно-мозговой травме, эпилепсии, деменции, головной боли и др. При подготовке материала была учтена программа по неврологии медицинских вузов. В качестве иллюстраций использованы материалы ФГБУ «Научный центр неврологии». Учебник предназначен для студентов медицинских вузов, обучающихся по специальности «Стоматология».",1,1,русский,Переплет,392
9785898160845,book,true,http://practica.ru/catalogue/neotl_134/,880,RUR,Медицинская литература,http://practica.ru/media/images/products/2014/09/neotlojn-manip.jpg,true,true,true,К. Кусталоу,Неотложные врачебные манипуляции,"М.:""Практика""",Цветные атласы-справочники,2006,978-5-89816-084-5,"Данный атлас призван помочь врачу в совершенствовании навыков неотложной помощи. Все разделы написаны по единой схеме: показания к той или иной манипуляции, противопоказания, осложнения, список необходимых инструментов и лекарственных средств. Каждый этап иллюстрируется рисунком и соответствующей фотографией.",1,1,русский,Переплет,160
5898160531,book,true,http://practica.ru/catalogue/nobel1_4_143/,330,RUR,Медицинская литература,http://practica.ru/media/images/products/2014/09/obshaya-nobel1.jpg,true,true,true,Нобель (ред).,Общая врачебная практика по Джону Нобелю.В 4 томах. Том 1,"М.:""Практика""",Классика зарубежной медицины,2005,5-89816-053-1,Книга 1. Основы общей врачебной практики. Частые синдромы. Инфекционные болезни. Гинекологические болезни,4,1,русский,Обложка,416
5898160558,book,true,http://practica.ru/catalogue/nobel2_4_144/,330,RUR,Медицинская литература,http://practica.ru/media/images/products/2014/09/obshaya-nobel2.jpg,true,true,true,Нобель (ред).,Общая врачебная практика по Джону Нобелю.В 4 томах. Том 2,"М.:""Практика""",Классика зарубежной медицины,2005,5-89816-055-8,Книга 2. Психические расстройства. Болезни сердца и сосудов. Болезни органов дыхания. Кожные болезни. Эндокринные болезни,4,2,русский,Обложка,470
5898160566,book,true,http://practica.ru/catalogue/nobel3_4_145/,330,RUR,Медицинская литература,http://practica.ru/media/images/products/2014/09/obshaya-nobel3.jpg,true,true,true,Нобель (ред).,Общая врачебная практика по Джону Нобелю.В 4 томах. Том 3,"М.:""Практика""",Классика зарубежной медицины,2005,5-89816-056-6,Книга 3. Болезни желудочно-кишечного тракта. Гематологические и онкологические болезни. Болезни опорно-двигательного аппарата,4,3,русский,Обложка,398
5898160574,book,true,http://practica.ru/catalogue/nobel4_4_146/,330,RUR,Медицинская литература,http://practica.ru/media/images/products/2014/09/obshaya-nobel4.jpg,true,true,true,Нобель (ред).,Общая врачебная практика по Джону Нобелю.В 4 томах. Том 4,"М.:""Практика""",Классика зарубежной медицины,2005,5-89816-057-4,"Книга 4. Болезни почек. Болезни мочевых путей и половых органов. Нервные болезни. Болезни глаз. Болезни уха, горла, носа",4,4,русский,Обложка,487
9785898161026,book,true,http://practica.ru/catalogue/olympic_113/,2530,RUR,Медицинская литература,http://practica.ru/media/images/products/2014/09/olimp-ruk.jpg,true,true,true,М. Швеллнус,Олимпийское руководство по спортивной медицине,"М.:""Практика""",«Спортивная медицина»,2011,978-5-89816-102-6,"«Олимпийское руководство по спортивной медицине», выпущенное под эгидой МОК, написано 66 ведущими специалистами из 15 стран мира. Среди авторов — молекулярные биологи, генетики, спортивные физиологи, клинические фармакологи, спортивные врачи, специалисты по спортивному питанию, психологи, врачи разных специальностей. В отличие от других книг по спортивной медицине, посвященных главным образом спортивной травме, данное руководство сосредоточено на спортивной физиологии, а также на нарушениях и внутренних болезнях, обусловленных или усугубляемых занятиями спорта. В первых четырех главах обсуждаются вопросы тренировок и оценки спортивной формы, в следующих десяти — болезни различных органов и систем. Отдельные главы посвящены ведению спортсменов-инвалидов, влиянию факторов окружающей среды, допингу, экстренной медицинской помощи, генетике и спортивному питанию. Благодаря широте охвата, новизне информации, практической направленности, ясности и четкости изложения книга будет незаменимым помощником врачам, участвующим в лечении спортсменов, тренерам и организаторам спортивных мероприятий. Для спортивных врачей, врачей скорой медицинской помощи, врачей общей практики, специалистов по лечебной физкультуре, массажистов, тренеров, организаторов спортивных мероприятий, студентов медицинских вузов",1,1,русский,Переплет,672
9785898160876,book,true,http://practica.ru/catalogue/skandalakis_116/,715,RUR,Медицинская литература,http://practica.ru/media/images/products/2014/09/operativn-surgery.jpg,true,true,true,Скандалакис и др.,Оперативная хирургия,"М.:""Практика""",Зарубежные практические руководства по медицине,2009,978-5-89816-087-6,"Данная книга — второе издание завоевавшего популярность у студентов и хирургов справочника по оперативной хирургии, написанного специалистами Университета Эмори (Атланта, США). Поэтапное описание основных операций дополнено важными для хирурга данными топографической анатомии и подробными иллюстрациями. Авторы стремились к краткости изложения материала, чтобы сделать книгу максимально удобной для изучения перед началом операции. Книга будет полезной как студентам и ординаторам, делающим первые шаги в хирургии, так и опытным хирургам, желающим освежить в памяти знакомые, но забытые операции. Приведены и самые известные, давно используемые вмешательства, и новейшие, в том числе лапароскопические, операции. Хорошее знание анатомии убережет врача от технических ошибок, а четкое  владение методикой позволит действовать в операционной быстро и уверенно.",1,1,русский,Переплет,700
9785898161491,book,true,http://practica.ru/catalogue/physiology3_198/,770,RUR,Медицинская литература,http://practica.ru/media/images/products/2015/09/osnovi-phis.jpg,true,true,true,Н.Н. Алипов,Основы медицинской физиологии,"М.:""Практика""",Учебники для медицинских ВУЗов,2016,978-5-89816-122-4,"В книге «Основы медицинской физиологии» предельно доступным языком изложены эти концепции и  сохранены при этом все необходимые современные знания. Для студента-медика эта книга может служить сжатым и ясным курсом физиологии, а для врача – теоретической основой его повседневной работы, тем самым «естествознанием у постели больного», о котором говорили классики отечественной медицины.",1,1,русский,Переплет,496
9785898161484,book,true,http://practica.ru/catalogue/telemed_194/,1100,RUR,Медицинская литература,http://practica.ru/media/images/products/2015/09/personal_mesizin.jpg,true,true,true,"О. Ю. Атьков, Ю. Ю. Кудряшов",Персональная телемедицина. Телемедицинские и информационные технологии реабилитации и управления здоровьем,"М.:""Практика""",Современная российская медицина,2015,978-5-89816-148-4,"В данной книге представлены системы, технологии и приборы персональной ТМ, предназначенные для удаленного мониторинга и управления здоровьем человека, а также информационные медицинские технологии, непосредственно связанные с ними. Представлены медицинские аспекты задач ТМ — вопросы врачебных ошибок, снижения их количества и обеспечения безопасности пациента с помощью систем поддержки принятия врачебных решений. Рассмотрены барьеры, препятствующие широкому использованию телемедицинских технологий и предложены способы их преодоления. Описаны примеры практической реализации систем и технологий персональной ТМ. Книга может быть полезна организаторам здравоохранения, врачам общей практики и всем, кого интересует практическая телемедицина.",1,1,русский,Переплет,248
9785906456151 ,book,true,http://practica.ru/catalogue/epileps_222/,550,RUR,Медицинская литература,http://practica.ru/media/images/products/2015/12/epileps.JPG,true,true,true,"О. А. Пылаева, К. Ю. Мухин, А. С. Петрухин",Побочные эффекты антиэпилептической терапии,М.: «ГРАНАТ»,Современная российская медицина,2016,978-5-906456-15-1 ,"В книге рассматриваются актуальные вопросы безопасности и переносимости антиэпилептической терапии. В первой части руководства представлены общие закономерности развития побочных эффектов антиэпилептической терапии, исходя из особенностей фармакодинамики (механизм действия препарата) и фармакокинетики (особенности всасывания, распределения, метаболизма различных антиэпилептических препаратов и лекарственных взаимодействий между ними). Авторы обращают внимание на те особенности метаболизма и механизма действия лекарств, которые с большой вероятностью могут оказывать влияние на переносимость лечения. Далее подробно обсуждаются побочные эффекты антиэпилептических препаратов со стороны разных систем органов, включая проблему аггравации эпилепсии под влиянием антиэпилептических препаратов, соматические и психотропные негативные эффекты лекарств. Проводится анализ особенностей побочных эффектов антиэпилептической терапии у особых категорий пациентов, включая детей и женщин детородного возраста, у пациентов с сопутствующими заболеваниями. Даны рекомендации по профилактике и коррекции побочных эффектов антиэпилептических препаратов. Книга адресована специалистам по лечению эпилепсии — эпилептологам, а также неврологам, психиатрам, терапевтам и педиатрам, врачам общей практики: всем врачам, в практике которых встречаются пациенты с эпилепсией.",1,1,русский,Переплет,232
9785898161361,book,true,http://practica.ru/catalogue/praktika-spinalnoi-khirurgii_175/,550,RUR,Медицинская литература,http://practica.ru/media/images/products/2015/04/practica_spinal.jpg,true,true,true,"И.А. Борщенко, В.В. Лялина",Практика спинальной хирургии,"М.:""Практика""",Современная российская медицина,2014,978-5-89816-136-1,"Книга знакомит с современными достижениями спинальной хирургии в лечении дегенеративных заболеваний позвоночника, объединенных привычным термином «остеохондроз». Первая часть содержит обзор литературы по морфологии межпозвонкового диска и механизмам его дегенерации, возможности клинической и инструментальной диагностики дегенеративных заболеваний позвоночника и современные методы хирургического лечения. Во второй части авторы приводят случаи из своей практики в клинике Ортоспайн с подробным анализом тактики принятия решений. Этот раздел богато иллюстрирован компьютерными и магнитно-резонансными томограммами, интраоперационными фотографиями, схемами. Книга предназначена для широкого круга читателей — врачей разных специальностей (невропатологов, хирургов, ревматологов, ортопедов, врачей общей практики и др.), студентов старших курсов медицинских вузов, а также для всех, интересующихся данной тематикой.",1,1,русский,Переплет,172
9785898161255,book,true,http://practica.ru/catalogue/pseudo_lymph_135/,418,RUR,Медицинская литература,http://practica.ru/media/images/products/2014/09/psevdolimph.jpg,true,true,true,"О. Ю. Олисова, Н. С. Потекаев",Псевдолимфомы кожи,"М.:""Практика""",Современная российская медицина,2013,978-5-89816-125-5,"Монография посвящена группе малоизвестных дерматозов, обусловленных гиперплазией лимфоидной ткани – псевдолимфомам кожи. Подробно изложены этиология, патогенез, классификация, клиническая и морфологическая картина, а также диагностика этих заболеваний. Особое внимание уделено дифференциальной диагностике и лечению псевдолимфом кожи. Книга предназначена для дерматологов.",1,1,русский,Переплет,138
9785898160760,book,true,http://practica.ru/catalogue/psoriasis_154/,99,RUR,Медицинская литература,http://practica.ru/media/images/products/2014/09/psoriaz.jpg,true,true,true,"К. Бергстром, А. Кимбол",Псориаз,"М.:""Практика""",100 вопросов врачу,2007,978-5-89816-076-0,"Про псориаз говорят, что это одно из проклятий рода человеческого. Испытание псориазом — серьезный экзамен. Это хроническое наследственное заболевание кожи на сегодняшний день неизлечимо. Американский писатель Джон Апдайк сказал о больных псориазом: «Сначала вы замечаете, что людям неловко на вас смотреть. Потом вы сами опасаетесь взглянуть на себя в зеркало...» Что такое псориаз? Как лечить эту болезнь? Как жить с псориазом и не чувствовать себя изгоем? Когда нужно обращаться к врачу? Цель этой книги — дать ответы на самые распространенные вопросы о псориазе, которые больше всего волнуют больных и их близких. Знание — вот самое могущественное оружие в борьбе с любой болезнью, а наша книга поможет сделать первые шаги к тому, чтобы узнать и понять, что такое псориаз.",1,1,русский,Обложка,160
9785898161200,book,true,http://practica.ru/catalogue/reproductive_surgery_137/,418,RUR,Медицинская литература,http://practica.ru/media/images/products/2014/09/rekonstructive-surgery.jpg,true,true,true,"И. В. Жбанов, А. В. Молочков, Б. В. Шабалкин",Реконструктивная хирургия осложненных форм ишемической болезни сердца,"М.:""Практика""",Современная российская медицина,2013,978-5-89816-120-0,"Книга, написанная ведущими российскими кардиохирургами, посвящена хирургическому лечению тяжелых осложнений ишемической болезни сердца, таких как постинфарктная аневризма левого желудочка, ишемическая митральная недостаточность и постинфарктный разрыв межжелудочковой перегородки. Наряду с методами хирургической коррекции представлены механизмы развития и диагностика осложнений, клиническая характеристика больных и отдельные результаты лечения. Для кардиохирургов, кардиологов, студентов медицинских вузов.",1,1,русский,Переплет,152
9785898161279,book,true,http://practica.ru/catalogue/rukovodstvo-k-prakticheskim-zaniatiiam-po-topicheskoi-diagnostike-zabolevanii-nervnoi-sistemy-i-neirostomatologii_181/,517,RUR,Медицинская литература,http://practica.ru/media/images/products/2015/01/rukovodstvo.jpg,true,true,true,"З.А. Суслина, М.Ю. Максимова, и др.",Руководство к практическим занятиям по топической диагностике нервной системы и нейростоматологии,"М.:""Практика""",Учебники для медицинских ВУЗов,2014,978-5-89816-127-9,"Книга предназначена для широкого круга читателей — врачей разных специальностей (невропатологов, хирургов, ревматологов, ортопедов, врачей общей практики и др.), студентов старших курсов медицинских вузов, а также для всех, интересующихся данной тематикой.",1,1,русский,Переплет,253
9785898161286,book,true,http://practica.ru/catalogue/rukovodstvo-po-kardiologii-tom-pervyi-fiziologiia-i-patofiziologiia-serdechno-sosudistoi-sistemy_161/,880,RUR,Медицинская литература,http://practica.ru/media/images/products/2014/09/rukovodstvo_po_kardiologii1.jpg,true,true,true,Под редакцией акад. Е. И. Чазова,Руководство по кардиологии. В 4 томах. Том 1,"М.:""Практика""",Современная российская медицина,2014,978-5-89816-128-6,"В первом томе четырехтомного руководства по кардиологии отражены основные вопросы физиологии сердца, кровеносных сосудов и системы кровообращения в норме и при патологии. Приводятся данные по морфофункциональной организации и насосной функции сердца, основам современной электрофизиологии сердца, сосудистой сети, регуляции артериального давления и проницаемости микрососудов. Отражены вопросы тромбообразования, механизмы атерогенеза и участие иммунной системы в развитии атеросклероза. Рассматриваются новые данные об окислительном стрессе при сердечно-сосудистых заболеваниях и воздействии внешних факторов среды на кровообращение. Руководство предназначено для кардиологов, терапевтов, врачей общей практики (семейных врачей), кардиохирургов, специалистов по рентгеноэндоваскулярной диагностике и лечению, врачей других специальностей, принимающих участие в обследовании и лечении больных с заболеваниями сердечно-сосудистой системы, и студентов высших медицинских учебных заведений.",4,1,русский,Переплет,395
9785898161293,book,true,http://practica.ru/catalogue/rukovodstvo-po-kardiologii-tom-vtoroi-metody-diagnostiki-serdechno-sosudistykh-zabolevanii_162/,1320,RUR,Медицинская литература,http://practica.ru/media/images/products/2014/09/rukovodstvo_po_kardiologii2.jpg,true,true,true,Под редакцией акад. Е. И. Чазова,Руководство по кардиологии. В 4 томах. Том 2,"М.:""Практика""",Современная российская медицина,2014,978-5-89816-129-3,"Второй том четырехтомного руководства по кардиологии посвящен методам диагностики сердечно-сосудистых заболеваний. Представлено описание инструментальных диагностических методик: электрокардиографических (включая новые данные по телеметрическим системам), ультразвуковых методов исследования сердца и сосудов, рентгенологических и радионуклидных методов исследования сердечно-сосудистой системы с современными методами регистрации и обработки данных. Приведены сведения по функциональным нагрузочным пробам в кардиологии и наиболее важным лабораторным методам исследования. Руководство предназначено для кардиологов, терапевтов, врачей общей практики (семейных врачей), кардиохирургов, специалистов по рентгеноэндоваскулярной диагностике и лечению, врачей других специальностей, принимающих участие в обследовании и лечении больных с заболеваниями сердечно-сосудистой системы, и студентов высших медицинских учебных заведений.",4,2,русский,Переплет,720
9785898161309,book,true,http://practica.ru/catalogue/rukovodstvo-po-kardiologii-tom-tretii-zabolevaniia-serdechno-sosudistoi-sistemy-i_163/,1496,RUR,Медицинская литература,http://practica.ru/media/images/products/2014/09/rukovodstvo_po_kardiologii3.jpg,true,true,true,Под редакцией акад. Е. И. Чазова,Руководство по кардиологии. В 4 томах. Том 3,"М.:""Практика""",Современная российская медицина,2014,978-5-89816-130-9,"В третьем томе четырехтомного руководства по кардиологии описываются этиология, патогенез, диагностика, клиническое течение и лечение сердечно-сосудистых заболеваний, в частности ишемической болезни сердца, острого коронарного синдрома, артериальной гипертонии и различных нарушений ритма и проводимости сердца. Представлены также данные об атеросклерозе и дислипидемиях. Руководство предназначено для кардиологов, терапевтов, врачей общей практики (семейных врачей), кардиохирургов, специалистов по рентгеноэндоваскулярной диагностике и лечению, врачей других специальностей, принимающих участие в обследовании и лечении больных с заболеваниями сердечно-сосудистой системы, и студентов высших медицинских учебных заведений.",4,3,русский,Переплет,864
9785898161316,book,true,http://practica.ru/catalogue/rukovodstvo-po-kardiologii-tom-chetvertyi-zabolevaniia-serdechno-sosudistoi-sistemy-ii_164/,1496,RUR,Медицинская литература,http://practica.ru/media/images/products/2014/09/rukovodstvo_po_kardiologii4.jpg,true,true,true,Под редакцией акад. Е. И. Чазова,Руководство по кардиологии. В 4 томах. Том 4,"М.:""Практика""",Современная российская медицина,2014,978-5-89816-131-6,"В четвертом томе четырехтомного руководства по кардиологии описываются этиология, патогенез, диагностика, клиническое течение и лечение сердечно-сосудистых заболеваний, в частности сердечной недостаточности, миокардитов, кардиомиопатий, легочной артериальной гипертензии, приобретенных пороков сердца, инфекционного эндокардита, перикардитов, опухолей и травм сердца, болезней сосудов. Приводятся также сведения об основных классах лекарственных препаратов, применяемых для лечения сердечно-сосудистых заболеваний. Руководство предназначено для кардиологов, терапевтов, врачей общей практики (семейных врачей), кардиохирургов, специалистов по рентгеноэндоваскулярной диагностике и лечению, врачей других специальностей, принимающих участие в обследовании и лечении больных с заболеваниями сердечно-сосудистой системы, и студентов высших медицинских учебных заведений",4,4,русский,Переплет,960
9785898161392,book,true,http://practica.ru/catalogue/reproductive_188/,1496,RUR,Медицинская литература,http://practica.ru/media/images/products/2015/04/reproductivka_1.jpg,true,true,true,"ред. Б. Карра, Р. Блэкуэлла и Р. Азиза",Руководство по репродуктивной медицине,"М.:""Практика""",Зарубежные практические руководства по медицине,2015,978-5-89816-139-2,"Настоящее руководство охватывает все важнейшие разделы репродуктивной медицины — от ее основ до различных заболеваний и клинических состояний, включая эндокринные расстройства, бесплодие, контрацепцию, климактерический период и менопаузу.",1,1,русский,Переплет,832
9785898160791,book,true,http://practica.ru/catalogue/Diabetes_131/,550,RUR,Медицинская литература,http://practica.ru/media/images/products/2014/09/saharn-diabet.jpg,true,true,true,"Э. Питерс-Хармел, Р. Матур",Сахарный диабет: диагностика и лечение,"М.:""Практика""","Симптом,синдром,болезнь",2008,978-5-89816-079-1,"Сахарный диабет — одна из ведущих причин инвалидности и смерти; с ним каждый день сталкиваются врачи самых разных специальностей. Овладев достаточными знаниями об этой болезни и объединив усилия, можно предотвратить многие из ее грозных последствий. Достичь этой цели поможет книга, которую вы держите в руках. В ней представлены современные сведения об эпидемиологии, классификации и диагностике сахарного диабета, подробно рассмотрены все существующие ныне сахаропонижающие средства и приведены рекомендации по изменению образа жизни больного. Описан порядок действий при сопутствующих заболеваниях, хирургических вмешательствах и путешествиях. Отдельные главы посвящены сахарному диабету у беременных и обучению больных.Книга выдержала пять изданий на английском языке; бессменным автором всех предыдущих был профессор Мейер Б. Дэвидсон, крупнейший диабетолог, обладатель наград за выдающиеся успехи в области медицинского образования, редактор «Diabetes Care» и других журналов, в прошлом — президент Американской диабетической ассоциации. Русский перевод сделан с последнего, пятого, американского издания, написанного его учениками. Для эндокринологов, терапевтов, педиатров, врачей общей практики, студентов медицинских институтов.",1,1,русский,Переплет,496
9785898160814,book,true,http://practica.ru/catalogue/Chemo_118/,440,RUR,Медицинская литература,http://practica.ru/media/images/products/2014/09/chemo.jpg,true,true,true,"Э. Чу, В. Де Вита-младший (ред.)",Химиотерапия злокачественных новообразований,"М.:""Практика""",Зарубежные практические руководства по медицине,2008,978-5-89816-081-4,"Справочник написан под редакцией выдающихся специалистов, ежегодно переиздается и служит помощником онкологов всего мира. Книга состоит из пяти частей. Первая посвящена основам химиотерапии. В ней изложены общие представления о методах оценки эффективности лечения, кинетике опухолевого роста, полихимиотерапии, высокодозной химиотерапии, устойчивости к лечению. Во второй части в алфавитном порядке представлены все противоопухолевые препараты (в том числе и еще не зарегистрированные в России) и ростовые кроветворные факторы. Каждый препарат описан по единой схеме: торговые названия и производитель, группа, механизм действия, механизмы устойчивости, фармакокинетика и фармакодинамика, показания, дозы, лекарственные взаимодействия, противопоказания и осложнения, побочные эффекты. В третьей части даются практические рекомендации по проведению химиотерапии — оценка состояния, расчеты клиренса креатинина и площади поверхности тела, изменение доз при угнетении кроветворения, печеночной и почечной недостаточности, местное повреждающее действие цитостатиков, применение при беременности. Четвертая часть содержит схемы химиотерапии солидных опухолей и гемобластозов. В пятой части подробно описаны противорвотные средства и схемы их применения.Книга рассчитана на онкологов и гематологов.",1,1,русский,Переплет,440
9785906456120,book,true,http://practica.ru/catalogue/hps_203/,2200,RUR,Медицинская литература,http://practica.ru/media/images/products/2015/09/hirurgiya_plecha.jpg,true,true,true,"С. В. Архипов, Г. М. Кавалерский",Хирургия плечевого сустава,М.: «ГРАНАТ»,Цветные атласы-справочники,2015,978-5-906456-12-0,"«Хирургия плечевого сустава» — второе, переработанное и дополненное издание атласа «Плечо: современные хирургические технологии».Авторы акцентируют внимание читателей на результатах развития современных высокотехнологичных методов диагностики и лечения в ортопедии и травматологии. Атлас дополнен большим количеством новых иллюстраций из архива авторов и современных литературных источников.Несмотря на изменение структуры книги, сохранено описание классических ортопедических открытых оперативных вмешательств в области плечевого сустава, так как они имеют не только историческую ценность, но и сохраняют свою актуальность до настоящего времени.Книга рассчитана на широкий круг врачей (травматологи, ортопеды, хирурги).",1,1,русский,Переплет,204
9785898161064,book,true,http://practica.ru/catalogue/lungs_kids_124/,451,RUR,Медицинская литература,http://practica.ru/media/images/products/2014/09/chronichesk-u-detei.jpg,true,true,true,Под ред. Н. Н. Розиновой и Ю. Л. Мизерницкого,Хронические заболевания легких у детей,"М.:""Практика""",Детская серия,2011,978-5-89816-106-4,"В монографии представлены важнейшие хронические заболевания легких  у детей, рассмотрены вопросы терминологии и классификации этих болезней. Описаны клинические проявления различных форм хронической  бронхолегочной патологии, даны критерии и современные методы диагностики. Отдельные главы посвящены хроническим воспалительным заболеваниям легких, врожденной и наследственной патологии, бронхиальной астме, интерстициальным болезням легких, грибковым поражениям  бронхолегочной системы. Рассмотрены особенности течения туберкулеза  при хронических неспецифических заболеваниях легких. Изложены  принципы терапии хронических заболеваний легких у детей.  Книга адресована педиатрам, пульмонологам, аллергологам, врачам общей практики, сотрудникам научно-исследовательских учреждений и учебных заведений.",1,1,русский,Переплет,224
9785906456045,book,true,http://practica.ru/catalogue/khronicheskie-mieloidnye-leikozy_165/,363,RUR,Медицинская литература,http://practica.ru/media/images/products/2014/09/hronichesk_mieloidnie_leikozy.jpg,true,true,true,"Б. Дж. Бейн, Э. Матутес",Хронические миелоидные лейкозы,М.: «ГРАНАТ»,Атлас-справочник.,2014,978-5-906456-04-5,"Атлас-справочник в сжатой, но очень наглядной форме описывает патогенез, симптоматику, диагностику и дифференциальную диагностику, а также лечение хронических миелоидных лейкозов — большой и разнообразной группы болезней, недостаточно знакомых практическим врачам.Глубокие знания авторов и прекрасные иллюстрации создают запоминающиеся образы заболеваний, а внимание, уделенное редким разновидностям этих болезней, делает книгу полезной не только для студентов медицинских вузов и врачей широкого профиля, но и для специалистов, которых наверняка заинтересуют современные представления о патогенезе и способах лечения миелоидных лейкозов.",1,1,русский,Обложка,64
9785898161132,book,true,http://practica.ru/catalogue/personal_neurology_151/,517,RUR,Медицинская литература,http://practica.ru/media/images/products/2014/09/151.jpg,true,true,true," Суслина З.А., Максимова М.Ю.",Частная неврология,"М.:""Практика""",Учебники для медицинских ВУЗов,2012,978-5-89816-113-2,"Учебное пособие подготовлено авторским коллективом с учетом современных достижений неврологии и актуальности отдельных нозологических форм в соответствии с программой по нервным болезням медицинских вузов. В качестве иллюстраций использованы материалы Научного центра неврологии РАМН. Учебное пособие предназначено для студентов медицинских вузов, обучающихся по специальности «Стоматология», и служит дополнением к другим учебным мате­риалам по неврологии.",1,1,русский,Переплет,272
9785898160951,book,true,http://practica.ru/catalogue/toxicology_112/,1892,RUR,Медицинская литература,http://practica.ru/media/images/products/2014/09/pomosh-otravlen.jpg,true,true,true,"Р. Хоффман, Л. Нельсон, М.-Э. Хауланд, и др.",Экстренная медицинская помощь при отравлениях,"М.:""Практика""",Экстренная медицинская помощь,2010,978-5-89816-095-1,"«Экстренная медицинская помощь при отравлениях» — одна из тех книг, которые должны быть под рукой у любого врача: не существует человека, который не сталкивался бы с более или менее тяжелыми отравлениями, а с лекарственными отравлениями врач, к сожалению, имеет дело постоянно. Книга представляет собой сокращенный вариант известнейшего западного руководства — «Неотложной токсикологии по Голдфранку». Авторам удалось в предельно сжатом виде изложить теоретические основы токсикологии, ее современные достижения и одновременно создать практическое руководство, позволяющее быстро сориентироваться в состоянии пострадавшего, поставить диагноз и назначить лечение. Книга охватывает все возможные варианты токсических поражений — от нападений экзотических морских животных до отравлений самыми распространенными продуктами бытовой химии. Добавлены главы, посвященные столь актуальным в наше время проблемам — возможным токсикологическим последствиям техногенных катастроф и террористических актов; включен также чрезвычайно интересный и полезный раздел об организации токсикологических служб. Студентам книга поможет быстро войти в курс дела современной токсикологии, практическим врачам всех специальностей — быстро поставить диагноз и определить тактику дальнейшего ведения больного, а токсикологам — назначить лечение, основанное на последних данных доказательной медицины.Для токсикологов, врачей скорой медицинской помощи, реаниматологов, других врачей, оказывающих экстренную медицинскую помощь больным с отравлениями, клинических фармакологов, спасателей, студентов медицинских институтов.",1,1,русский,Переплет,1440
9785898160944,book,true,http://practica.ru/catalogue/travma_111/,1100,RUR,Медицинская литература,http://practica.ru/media/images/products/2014/09/pomosh-travma.jpg,true,true,true,"Э. Мур, К. Мэттокс, Д. Феличиано (ред.)",Экстренная медицинская помощь при травме,"М.:""Практика""",Экстренная медицинская помощь,2010,978-5-89816-094-4,"Книга создана для всех, кто оказывает медицинскую помощь боль­ым с травмой. Она написана авторами известнейшего американского руководства «Травма» (Trauma) и в сжатом виде содержит наиболее важную информацию, представленную в этом руководстве. «Экстренная медицинская помощь при травме» отличается от привычных для нас руководств по травматологии, посвященных только повреждениям опорнодвигательного аппарата. Здесь детально изложены все этапы оказания помощи больным с травмой, начиная с сортировки и транспортировки и заканчивая реабилитацией. Особое внимание уделено экстренной медицинской помощи при тяжелой, множественной и сочетанной травме, подробно описаны этапы ее оказания. Эту книгу можно использовать везде, где она потребуется:в приемном, хирургическом или реанимационном отделении, в операционной или отделении реабилитации. Представленные в книге рисунки, таблицы и схемы облегчают быстрое принятие решения в сложной ситуации. Для врачей скорой медицинской помощи, общих хирургов, травматологов-ортопедов, реаниматологов, других врачей, оказывающих экстренную медицинскую помощь больным с травмой, спасателей, студентов медицинских институтов.",1,1,русский,Переплет,744
9785906456052,book,true,http://practica.ru/catalogue/endoprotezirovanie-tazobedrennogo-sustava-otvety-na-vse-voprosy_166/,451,RUR,Медицинская литература,http://practica.ru/media/images/products/2014/09/endoprotez.jpg,true,true,true,А. П. Середа,Эндопротезирование тазобедренного сустава. Ответы на все вопросы,М.: «ГРАНАТ»,,2014,978-5-906456-05-2,"Что такое эндопротезирование тазобедренного сустава? Кому и когда оно проводится? Что представляют собой эндопротезы тазобедренного сустава, какие они бывают и и чем одни лучше других? Как будет проходить операция, как к ней готовиться и как восстанавливаться после нее? На эти и другие вопросы подробно и доступно отвечает практикующий врач, ортопед-травматолог, специалист в области эндопротезирования суставов.Книга адресована пациентам, которым предстоит операция эндопротезирования тазобедренного сустава, и их родственникам. Те, кто уже перенес эту операцию, также найдут в ней немало полезного.",1,1,русский,Обложка,121
9785898161088,book,true,http://practica.ru/catalogue/epo_128/,99,RUR,Медицинская литература,http://practica.ru/media/images/products/2014/09/eponim_syndroms.jpg,true,true,true,Розинова Н.Н. и соавт. ,Эпонимические синдромы в пульмонологии,"М.:""Практика""",Карманные справочники,2011,978-5-89816-108-8,"Эпонимические синдромы — это болезни, названные по имени описавших их авторов. Такой способ обозначения болезней достаточно широко распространен в медицине. Данный справочник обобщает представленные в медицинской литературе эпонимические синдромы, часто наследственные, при которых поражение легких является единственным или ведущим проявлением. Представлена клиническая симптоматика этих синдромов, даны таблицы с дифференциально-диагностическими признаками основных из них, приведены сведения об описавших их авторах и о первых работах, в которых они были описаны. Книга адресована педиатрам, пульмонологам, врачам общей практики, студентам медицинских вузов.",1,1,русский,Обложка,87
9785898161187,book,true,http://practica.ru/catalogue/eposyn_139/,550,RUR,Медицинская литература,http://practica.ru/media/images/products/2014/09/eponim_syndrom_v_endo.jpg,true,true,true,"Г. А. Мельниченко и соавт, ред. И. И. Дедов",Эпонимические синдромы в эндокринологии,"М.:""Практика""",Современная российская медицина,2013,978-5-89816-118-7,"В данной книге собраны сведения об основных эпонимических синдромах, ведущим проявлением которых являются эндокринные расстройства. Описаны их эпидемиология, этиология, патогенез и клиническая картина, даются принципы их диагностики и лечения, приводится история их названий.Книга адресована эндокринологам, педиатрам, врачам общей практики, студентам медицинских вузов.",1,1,русский,Переплет,172
9785898161408,book,true,http://practica.ru/catalogue/kanony_191/,1100,RUR,Православная литература,http://practica.ru/media/images/products/2015/09/kanony_Fpfmhcp.jpg,true,true,true,Под ред. И. В. Чаброва,"Богослужебные каноны на греческом, славянском и русском языках. Издание Е. И. Ловягина","М.:""Практика""",,2015,978-5-89816-140-8,"Первое издание «Богослужебных канонов на греческом, славянском и русском языках» было подготовлено профессором греческого языка Санкт-Петербургской Духовной Академии Евграфом Ловягиным и вышло в 1855 г. В дальнейшем книга переиздавалась дважды (в 1861 и 1875 гг.). Отдельной книгой вышли в 1861 г.: 1) славянский и русский переводы, и 2) один русский текст. Все эти книги давно стали библиографической редкостью. Настоящий труд воспроизводит 2-е издание «Канонов» (1861) с необходимыми исправлениями и добавлениями. Книга может быть интересна как специалистам по литургике, так и всем, кому дорого православное богослужение. Мы надеемся, она послужит хорошим подспорьем для понимания богослужебных канонов и изучения их поэтической формы.",1,1,русский,Переплет,252
9785903898084,book,true,http://practica.ru/catalogue/bojestvennaya-liturgiya_228/,124,RUR,Православная литература,http://practica.ru/media/images/products/2016/03/boj-lit.jpg,true,true,true,Антоний митрополит Сурожский,Божественная литургия,М.:Фонд «Духовное наследие митр. Антония Сурожского»,,2015,978-5-903898-08-4,"Рекомендовано к публикации Издательским Советом Белорусской Православной Церкви ИС Б14-411-0057. «Вопрос понятности богослужения в том, чтобы иметь ключ к пониманию», считает митрополит Антоний и продолжает: «Литургия является самым средоточием нашего христианского опыта, именно жизни во Христе… Это событие, в которое мы вовлечены, в котором мы принимаем участие, но самое центральное, значительное в нем именно то, что Бог действует, а мы соучаствуем в том, что совершается». Беседы Владыки помогут читателю глубже понять таинственное Божественное действие, полнее приобщиться к нему.",1,1,русский,Обложка,176
9785903898145 ,book,true,http://practica.ru/catalogue/brak-semiya_231/,234,RUR,Православная литература,http://practica.ru/media/images/products/2016/03/semia.jpg,true,true,true,Антоний митрополит Сурожский,Брак и семья,М.:Фонд «Духовное наследие митр. Антония Сурожского»,,2014,978-5-903898-14-5 ,"Рекомендовано к публикации Издательским Советом Белорусской Православной Церкви. Номер Издательского Совета — 154 от 20.02.2014. В эпоху крушения традиционных ценностей наибольшему испытанию духом времени подвергается человеческая семья. В наши дни с небывалой остротой встает вопрос об утрате подлинного, таинственного измерения союза мужи и жены, о сведении брака к различным социальным функциям. Автор книги — митрополит Сурожский Антоний — рассматривает самые острые проблемы взаимоотношений мужа и жены, воспитания детей в условиях современного мира, опираясь на богатейший опыт, накопленный Церковью за всю ее историю. Книга может стать практическим руководством для самого широкого круга читателей в решении непростых вопросов семейной жизни, но главное ее достоинство в том, что она способствует восстановлению понимания Брака как таинства любви и единства, как способа исполнения человеком своего изначального предназначения.",1,1,русский,Переплет,352
9785903898046,book,true,http://practica.ru/catalogue/bit-hristianinom_250/,80,RUR,Православная литература,http://practica.ru/media/images/products/2016/03/%D0%91%D1%8B%D1%82%D1%8C_%D1%85%D1%80%D0%B8%D1%81%D1%82%D0%B8%D0%B0%D0%BD%D0%B8%D0%BD%D0%BE%D0%BC-1.jpg,true,true,true,Антоний митрополит Сурожский,Быть христианином,М.:Фонд «Духовное наследие митр. Антония Сурожского»,,2012,978-5-903898-04-6,"Допущено к изданию Издательским Советом Белорусской Православной Церкви. Решение № 1047 от 07.05.2012. Цикл бесед, наговоренных владыкой Антонием в 1995 году специально для аудитории в России, дополнен докладом на тему духовничества (Москва, 1987) и беседой о христианской жизни (Лондон, 1990)",1,1,русский,Обложка,108
9785903898190,book,true,http://practica.ru/catalogue/vera_253/,208,RUR,Православная литература,http://practica.ru/media/images/products/2016/03/%D0%92%D0%B5%D1%80%D0%B0-1.jpg,true,true,true,Антоний митрополит Сурожский,Вера,М.:Фонд «Духовное наследие митр. Антония Сурожского»,,2013,978-5-903898-19-0,"Допущено к изданию Издательским Советом Белорусской Православной Церкви. Решение № 1424 от 11.02.2013. Поиск Бога, сомнения на пути к Нему, вера и неверие, назначение жизни – вот главные темы предлагаемой читателям книги. Выношенные в глубинах богатейшего духовного опыта ответы на самые жгучие вопросы современного человека дает выдающийся православный богослов и проповедник митрополит Сурожский Антоний (1914-2003). Книга адресована самому широкому кругу читателей – всем тем, кто в нашем мире, гордящемся своими практическими достижениями, не утратил способности думать над смыслом и целью всего существующего.",1,1,русский,Переплет,320
9785903898077,book,true,http://practica.ru/catalogue/vechernya-utrenya_234/,61,RUR,Православная литература,http://practica.ru/media/images/products/2016/03/%D0%92%D0%B5%D1%87%D0%B5%D1%80%D0%BD%D1%8F.%D0%A3%D1%82%D1%80%D0%B5%D0%BD%D1%8F-1.jpg,true,true,true,Антоний митрополит Сурожский,Вечерня. Утреня,М.:Фонд «Духовное наследие митр. Антония Сурожского»,,2015,978-5-903898-07-7,"Рекомендовано к публикации Издательским Советом Белорусской Православной Церкви. Номер Издательского Совета — 152 от 20.02.2014. «Вопрос понятности богослужения в том, чтобы иметь ключ к пониманию», считает митрополит Антоний. Таким ключом к пониманию всенощной (вечерни и утрени) станет для читателя брошюра, которую он держит в руках. Продолжая словами Владыки, «главная тема вечерни и утрени – это свет: откровение света, сумерки греха, славное явление света во Христе, света среди сумерек истории, которая тем не менее течет в свете Христовом и в ожидании Его Второго пришествия и времени, когда ничего не останется, кроме блистания Божества».",1,1,русский,Обложка,54
9785906456168 ,book,true,http://practica.ru/catalogue/Guareschi1_211/,330,RUR,Художественная литература,http://practica.ru/media/images/products/2015/11/guareski.jpg,true,true,true,Джованнино Гуарески,Малый мир Дон Камилло,М.: «ГРАНАТ»,,2016,978-5-906456-16-8 ,"Второе издание известнейшей книги итальянского писателя Джованнино Гуарески, одного из самых читаемых итальянских авторов 20 века. Рассказы о противостоянии и дружбе сельского священника и мэра-коммуниста открывают нам новое об Италии, ее людях и истории и в то же время о нас самих, о нашем сердце, способном смеяться и плакать одновременно.",1,1,русский,Переплет,400
9785906456076,book,true,http://practica.ru/catalogue/vo-imia-ottsa-i-syna-i-sviatogo-dukha-propovedi_185/,297,RUR,Православная литература,http://practica.ru/media/images/products/2015/04/antony_vo_imya.jpg,true,true,true,Антоний митрополит Сурожский,Во имя Отца и Сына и Святого Духа. Проповеди,М.: «ГРАНАТ»,,2014,978-5-906456-07-6,"Сборник проповедей митрополита Антония охватывает весь годовой круг евангельских чтений (Триодь постная, Триодь цветная, недели по Пятидесятнице). В книгу вошли также проповеди на минейные Господские и Богородичные праздники, на дни памяти не-которых святых, на разные случаи и темы. Книга может послужить прекрасным подспорьем проповеднику и круглогодичным чтением любому человеку, приобщая его вечно обновляющейся жизни в Церкви.",1,1,русский,Переплет,475
9785903898169 ,book,true,http://practica.ru/catalogue/vstrecha_256/,189,RUR,Православная литература,http://practica.ru/media/images/products/2016/03/%D0%92%D1%81%D1%82%D1%80%D0%B5%D1%87%D0%B0-1.jpg,true,true,true,Антоний митрополит Сурожский,Встреча,М.:Фонд «Духовное наследие митр. Антония Сурожского»,,2014,978-5-903898-16-9 ,"Рекомендовано к публикации Издательским Советом Белорусской Православной Церкви. Номер Издательского Совета – 155 от 20.02.2014. Книга впервые была издана в Киеве в 2004 г. Встреча – одна из основных категорий мысли митрополита Антония: «все в жизни – встреча», утверждает он. Встреча человека с Богом, встреча секулярного мира с Церковью, встреча человека с человеком, встреча человека с самим собой – все может быть наполнено творческим содержанием и непреходящим смыслом. Владыка говорит об этом из собственного опыта и на основании трезвого размышления.",1,1,русский,Переплет,272
9785903898213,book,true,http://practica.ru/catalogue/duhovnaya-jizn_237/,281,RUR,Православная литература,http://practica.ru/media/images/products/2016/03/%D0%94%D1%83%D1%85%D0%BE%D0%B2%D0%BD%D0%B0%D1%8F_%D0%B6%D0%B8%D0%B7%D0%BD%D1%8C-1.jpg,true,true,true,Антоний митрополит Сурожский,Духовная жизнь,М.:Фонд «Духовное наследие митр. Антония Сурожского»,,2013,978-5-903898-21-3,"Допущено к изданию Издательским Советом Белорусской Православной Церкви. Решение № 1426 от 11.02.2013. Книга митрополита Антония Сурожского под названием «Духовная жизнь» обращена к каждому из нас. С ее страниц звучит проникновенный голос Владыки, призывающий нас, современников, войти в новую жизнь, преодолев неверие, разочарование и боль. Для христианина эта книга может послужить надежным вожатым в его духовном пути, а для неверующего читателя стать первой, неотразимо убедительной встречей с христианством.",1,1,русский,Переплет,363
9785903898206,book,true,http://practica.ru/catalogue/duhovnoe-puteshestvie_240/,80,RUR,Православная литература,http://practica.ru/media/images/products/2016/03/%D0%94%D1%83%D1%85%D0%BE%D0%B2%D0%BD%D0%BE%D0%B5_%D0%BF%D1%83%D1%82%D0%B5%D1%88%D0%B5%D1%81%D1%82%D0%B2%D0%B8%D0%B5-1.jpg,true,true,true,Антоний митрополит Сурожский,Духовное путешествие: размышление перед Великим Постом,М.:Фонд «Духовное наследие митр. Антония Сурожского»,,2014,978-5-903898-20-6,"Допущено к изданию Издательским Советом Белорусской Православной Церкви. Решение №1427 от 11.02.2013. Под руководством автора, выдающегося православного богослова и проповедника, читатель может пройти путь, проторенный через века христианскими паломниками. Вехами на пути служат Евангельские встречи и притчи. Путь – крестный, но цель пути – воскресение к жизни в Царствии Небесном.",1,1,русский,Обложка,126
9785903898091,book,true,http://practica.ru/catalogue/molitva-jizn_243/,117,RUR,Православная литература,http://practica.ru/media/images/products/2016/03/%D0%9C%D0%BE%D0%BB%D0%B8%D1%82%D0%B2%D0%B0_%D0%B8_%D0%B6%D0%B8%D0%B7%D0%BD%D1%8C-1.jpg,true,true,true,Антоний митрополит Сурожский,Молитва и жизнь,М.:Фонд «Духовное наследие митр. Антония Сурожского»,,2015,978-5-903898-09-1,"Рекомендовано к публикации Издательским Советом Белорусской Православной Церкви. ИС Б14-411-0058. «Молитва и жизнь», книга, ставшая уже классикой духовной литературы, поможет читателю трезво искать единства молитвы и повседневной жизни, собственной внутренней цельности, честно предстоять перед Богом Живым.",1,1,русский,Обложка,144
9785917611464,book,true,http://practica.ru/catalogue/pastirstvo_262/,300,RUR,Православная литература,http://practica.ru/media/images/products/2016/03/%D0%9F%D0%B0%D1%81%D1%82%D1%8B%D1%80%D1%81%D1%82%D0%B2%D0%BE-1.jpg,true,true,true,Антоний митрополит Сурожский,Пастырство,М.:Фонд «Духовное наследие митр. Антония Сурожского»,,2012,978-5-91761-146-4,"Рекомендовано к публикации Издательским советом Русской Православной Церкви. ИС 11-115-1650. Пастырство составляло содержание жизни владыки Антония, и своим многолетним опытом он щедро делился в беседах, проповедях, в личных разговорах и наставлениях. Митрополит Минский и Слуцкий Филарет, чье предисловие открывает книгу, при погребении митрополита Антония недаром назвал его «мудрым наставником и пастырем-душепопечителем». Книга, которую вы держите в руках, предназначена не только священникам: владыка Антоний говорил, что паства должна знать о пастыре не меньше, чем пастыри. Особенно это относится к разделу, посвященному исповеди: как часто люди сами сознают и каются, что не умеют исповедоваться! Тексты митрополита Антония не дают готовых рецептов на все случаи жизни, но позволяют приобщиться духу почившего архипастыря – духу любви, служения и жертвенной заботы, которым он научился от Пастыреначальника Христа.",1,1,русский,Переплет,352
9785903898299,book,true,http://practica.ru/catalogue/propovedi-v-rossii_265/,325,RUR,Православная литература,http://practica.ru/media/images/products/2016/03/%D0%9F%D1%80%D0%BE%D0%BF%D0%BE%D0%B2%D0%B5%D0%B4%D0%B8-1.jpg,true,true,true,Антоний митрополит Сурожский,"Проповеди, произнесенные в России",М.:Фонд «Духовное наследие митр. Антония Сурожского»,,2014,978-5-903898-29-9,"Допущено к изданию Издательским Советом Белорусской Православной Церкви. Решение № 1425 от 11.02.2013. Сборник содержит проповеди, произнесенные митрополитом Антонием во время приездов в Россию с 1966 по 1990 гг., в тот период, когда в нашей стране господствовала государственная атеистическая идеология. Его свободное слово, свидетельствующее о крестной любви Божией, о неодолимой силе Христовой, его личная пламенная вера в Бога и в человека – образ Божий укрепляли верующий и открывали путь к Богу и в Церковь тем, кто ранее не встречал такого свидетельства. Благовестие любви и свободы, которое несет слово владыки Антония, не потеряло свое значение и в наше время.",1,1,русский,Обложка,416
9785903898251 ,book,true,http://practica.ru/catalogue/chelovek_247/,234,RUR,Православная литература,http://practica.ru/media/images/products/2016/03/%D0%A7%D0%B5%D0%BB%D0%BE%D0%B2%D0%B5%D0%BA-1.jpg,true,true,true,Антоний митрополит Сурожский,Человек,М.:Фонд «Духовное наследие митр. Антония Сурожского»,,2014,978-5-903898-25-1 ,"Рекомендовано к публикации Издательским Советом Белорусской Православной Церкви. Номер Издательского Совета – 153 от 20.02.2014. Тайна человека, тайна его жизни во Христе как пути от образа к подобию – таков лейтмотив книги митрополита Антония Сурожского «Человек». Ключ к постижению этой тайны – в воплощении Богочеловека Христа, в Котором и через Которого человек обретает свое подлинное достоинство. Книга полна веры в человека, и источник этой веры – в открытии подлинного, духовного измерения человеческой личности, в даре жизни, в благодати, искуплении и усыновлении Богу. Опираясь на опыт Церкви, в согласии с мыслью Св. Писания, автор показывает, что откровение личности приводит к откровению Божественной любви – источнику всего самого лучшего и совершенного в человеке.",1,1,русский,Переплет,363
9785903898282,book,true,http://practica.ru/catalogue/chelovek-pered-bogom_268/,462,RUR,Православная литература,http://practica.ru/media/images/products/2016/03/%D0%A7%D0%9F%D0%91-1.jpg,true,true,true,Антоний митрополит Сурожский,Человек перед Богом,М.:Фонд «Духовное наследие митр. Антония Сурожского»,,2013,978-5-903898-28-2,"Допущено к изданию Издательским Советом Белорусской Православной Церкви. Решение № 1422 от 11.02.2013. Настоящий сборник составлен из устных выступлений митрополита Антония и охватывает период с 1969 по 1991 годы. Все они объединены одной темой: внутренняя жизнь христианина, то есть человека, который живет перед Богом.",1,1,русский,Переплет,528
9785898161347,book,true,http://practica.ru/catalogue/trudy-kniga-pervaia_169/,638,RUR,Православная литература,http://practica.ru/media/images/products/2015/04/antony1.jpg,true,true,true,Антоний митрополит Сурожский,Труды. Книга 1,"М.:""Практика""",Православная литература,2014,978-5-89816-114-9,"Третье издание «Трудов» митрополита Сурожского Антония, на сегодняшний день самое полноесобрание его текстов. Митрополит Антоний скончался в 2003 году, но его наследие не теряет актуальности, что свойственно слову, осно ванному на глубоком, подлинном духовном опыте. В первой книге отражены темы, наиболее характерные для мысли Владыки (врача,естественника по образованию): материя и дух, жизнь и смерть, вера и сомнение, человек во взаимоотношении с Богом, их встреча, пути Божии в мире. Книга содержит обширную библиографию трудов мит рополита Антония, комментарии, тематический, именной указателии множество фотографий. Книга предназначена самому широкому кругу читателей: не только православным, но каждому, кто хочет и готов услышать, что говорит Православная Церковь современному человеку.",2,1,русский,Переплет,1097
9785898161354,book,true,http://practica.ru/catalogue/trudy-kniga-vtoraia_171/,638,RUR,Православная литература,http://practica.ru/media/images/products/2015/04/antony2.jpg,true,true,true,Антоний митрополит Сурожский,Труды. Книга 2,"М.:""Практика""",Православная литература,2014,978-5-89816-115-6,"«Труды» — самое полное собрание текстов митрополита Антония. Вторая книга глубоко вводит читателя в жизнь по Евангелию и в жизнь Церкви в современном мире. Книга составлена преимущественно из выступлений и бесед Владыки Антония, никогда не появлявшихся в печати или увидевших свет в давно ставших недоступными читателю изданиях. К ним присоединены некоторые проповеди митрополита Антония, потому что «Владыка был таким проповедником слова Божия, каких не бывает на этом свете». В нашу эпоху, в которой все слова как будто сказаны и обесценены, особенно необходимо слово митрополита Антония, слово, в котором глубина богословского созерцания до конца неотделима от примера христианского поступка.Книга предназначена самому широкому кругу читателей: не только православным, но каждому, кто хочет и готов услышать, что говорит Православная Церковь современному человеку.",2,2,русский,Переплет,977
9785906456021,book,true,http://practica.ru/catalogue/liturgiia-smerti-i-sovremennaia-kultura_182/,198,RUR,Православная литература,http://practica.ru/media/images/products/2015/01/liturgia_smerti.jpg,true,true,true,Протопресвитер Александр Шмеман,Литургия смерти и современная культура,М.: «ГРАНАТ»,Православная литература,2013,978-5-906456-02-1,"Один из самых значительных деятелей Православной Церкви ХХ столетия, профессор и богослов прот. Александр Шмеман (1921—1983), автор нескольких книг, знаменитых «Дневников», многочисленных статей, много лет возглавлял Свято-Владимирскую семинарию в Нью-Йорке, где и прочитал четыре лекции на тему «Литургия смерти и современная культура». Как и большинство выступлений и публикаций отца Александра, это не только научно-богословское исследование. Автор ставит проблему смерти в широкий контекст церковной культуры и христианского миропонимания и одновременно жизни современного общества, раскрывая — ярко и парадоксально — тему смерти в постхристианской культуре.",1,1,русский,Переплет,176
9785906456137,book,true,http://practica.ru/catalogue/uchebnikcsya_208/,451,RUR,Православная литература,http://practica.ru/media/images/products/2015/11/uchebnikcerkov.jpg,true,true,true,А. Б. Мороз,Учебник церковнославянского языка,М.: «ГРАНАТ»,,2016,978-5-906456-13-7 ,"Учебник дает представление об особенностях церковнославянского языка как богослужебного, затрагивает некоторые вопросы истории русского языка и объясняет параллели, соответствия и несоответствия между церковнославянским и русским. Учебник предназначен для использования как в рамках обучения церковнославянскому языку в воскресных школах (старшие группы) и духовных учебных заведениях, так и для самостоятельного освоения церковнославянского языка. Он опирается на школьный курс грамматики русского языка и адресован ученикам старших классов школы, студентам и всем желающим освоить язык богослужения или получить о нем общее представление.",1,1,русский,Переплет,240
9785906456144,book,true,http://practica.ru/catalogue/cvm_199/,253,RUR,Православная литература,http://practica.ru/media/images/products/2015/09/zerkov_v_mire.jpg,true,true,true,Протопресвитер Александр Шмеман,Церковь в мире,М.: «ГРАНАТ»,,2015,978-5-906456-14-4,"В сборник вошли пятнадцать статей прот. Александра Шмемана, написанные в период между 1949 и 1981 гг. Они объединены одной темой, которая и стала заголовком сборника: «Церковь в мире». Ранее эти статьи, собранные из разных эмигрантских изданий, печатались в «Собрании статей».",1,1,русский,Переплет,320
9785898161521 ,book,true,http://practica.ru/catalogue/davai-dogovorimsia_272/,297,RUR,Книги вне серий,http://practica.ru/media/images/products/2016/06/davay_book.TIF,true,true,true,"Джилл К. Дардиг, Уильям Л. Хьюард",Давай договоримся,"М.:""Практика""",Книги вне серий,2016,978-5-89816-152-1,"«Давай договоримся!» — книга для детей, родителей и учителей. Это история о жизни детей в семье, о возникающих проблемах, о том, как каждый в семье осваивает искусство сотрудничества и счастливых взаимоотношений. Авторы представляют новую схему разрешения проблем — посредством договоров, целью которых являются выполнение тех или иных обязанностей и поддержание определенного типа поведения. При этом итог книги — не абстрактное предложение семье читателя попробовать договорную систему: в книгу входит «Набор ""Сделай сам"" для семейного договора», в котором дана пошаговая инструкция решения внутрисемейных конфликтов — первый общий разговор членов семьи, выбор задания и награды за его успешное выполнение и, наконец, составление договора и его оформление. «Давай договоримся!» может внести большие изменения в семейную атмосферу. Наша жизнь все более усложняется, родители нечасто уделяют детям внимание, поэтому подходы, в которых признается значимость вклада каждого человека в благополучие всей семьи, как никогда актуальны. Договор — это эффективное и простое средство решения проблем в семье. Хотите узнать подробности? Читайте «Давай договоримся!»",1,1,русский,Переплет,160
